Title,Company,Location,Link
Python Backend Developer - Contract,N/A,N/A,https://www.indeed.com/rc/clk?jk=54f71e6a92cbd104&bb=ucLVvjxyiRrSLrfImJiuN2Krn9wBHp7OSiXKdftNTp7-bTwnIJTdz95R1WCgmJ1fpWaf6Dlq663XUsECUJ_zefUSUma8ImxFaxnFT9C3RYljx2D91o5ofcEgqpKi5lJO&xkcb=SoDe67M31D2BJb3Vrx0LbzkdCdPP&fccid=6e46cb33b5a53fb0&vjs=3
PYTHON DEVELOPER,N/A,N/A,https://www.indeed.com/rc/clk?jk=1a20a1c56fb7df73&bb=ucLVvjxyiRrSLrfImJiuNyUKgJKeGVrR2j7k00rVuRfO3lWgAZz8NN4zLT0mAuq0M08PQXoLWtaQ5QCZZOm_Fbgv6cIacqsfTXWPCBXSlK4Lwl7WJPfVkMcA8Cuh4rcE&xkcb=SoBq67M31D2BJb3Vrx0KbzkdCdPP&fccid=fe0035950dcdac14&vjs=3
Python Developer,N/A,N/A,https://www.indeed.com/rc/clk?jk=37b5e73878249ed8&bb=ucLVvjxyiRrSLrfImJiuN0-w3fP6luY__YemlNiSH6w5HHCWZr8k-rkZw8MVDEDMod8uMBCywAKJOED9s08axvuXDzwOxjGOKDKMzAZFuWg7cqa4VoIqHMK5knEZ72wY&xkcb=SoD367M31D2BJb3Vrx0JbzkdCdPP&fccid=3ed0572c448b2368&vjs=3
Python Developer,N/A,N/A,https://www.indeed.com/rc/clk?jk=84ac8c5dd9f26d40&bb=ucLVvjxyiRrSLrfImJiuN6ybbL2b4o5OFk217U9V3CtSHGfRmf_DuAJI6yWqbcGjrV5sna0GcDV42coo9Fu5IwEhHTOWnBwqxC_zFt2J5afYCK-nd4LfRFHowc0_QkpO&xkcb=SoBD67M31D2BJb3Vrx0IbzkdCdPP&fccid=14fd5b5672854a54&vjs=3
Python Developer (Fullstack),N/A,N/A,https://www.indeed.com/rc/clk?jk=213ef23aef1e09fd&bb=ucLVvjxyiRrSLrfImJiuN2CBfs4FxNl_EU12RJR4yAx2UtLRBxV4vwB4JYzkWAvMEXf8F8tnnUcp-Bl3iSdiKwCH9FYIutso0d7xw31-psrNQHCqyckH-jQ_wgf-fe0r&xkcb=SoDN67M31D2BJb3Vrx0PbzkdCdPP&fccid=34781ef760e48d3f&vjs=3
Python developer,N/A,N/A,https://www.indeed.com/rc/clk?jk=73212bc1d08ee4a3&bb=ucLVvjxyiRrSLrfImJiuN071CkjCjX_heIS1-8YFWaWedvSoRqFh9NPH0Wbm3rRzZso5_ORQ_Iaxs3JE5NNpK9JsdgLUsaAJg3WDL9ECHGif6ZkyrjQWuw%3D%3D&xkcb=SoB567M31D2BJb3Vrx0ObzkdCdPP&fccid=0d771a787e6e10bd&vjs=3
Python Developer- $100-110K,N/A,N/A,https://www.indeed.com/rc/clk?jk=b308d7d83046bef9&bb=ucLVvjxyiRrSLrfImJiuN1zqG3vbshWDUnLByOSlpG2RWANbc0Yo0Nz1k4VTKcyqg3C5EFjzhK1YuHgFG5G7arCeMWpjy_H0x54W8FLaDvl1GjEXdyS5VwDjZs5EvZo1&xkcb=SoDk67M31D2BJb3Vrx0NbzkdCdPP&fccid=c938eee164c4c383&vjs=3
Product Development Engineer - Python Developer,N/A,N/A,https://www.indeed.com/rc/clk?jk=aa72700fa24bc451&bb=ucLVvjxyiRrSLrfImJiuN_mxw0epZoSMtIN1RQGmEB80LuvjYXsLweBx_oOB4qmg1PMJiw7i1XqowRlwDtJhKgf5AkejzhMb27o8eZ8_ww9e02uWYsJlIA%3D%3D&xkcb=SoBQ67M31D2BJb3Vrx0MbzkdCdPP&fccid=761c44c17d636bfe&vjs=3
Python Desk Developer,N/A,N/A,https://www.indeed.com/rc/clk?jk=a28c1fccf5713e5a&bb=ucLVvjxyiRrSLrfImJiuN7lg-nyLIabEVXF5_ET-SBKanONUnz9Nx2H9wcy_qtSewvzQxMSqYrgoelyuVBfbztw6Ulnig5DQCzFXc1Dpf1fr1jVrVo-ltNS4KxBvQPzz&xkcb=SoC567M31D2BJb3Vrx0DbzkdCdPP&fccid=057abf3fd357e717&vjs=3
Python Developer,N/A,N/A,https://www.indeed.com/rc/clk?jk=77016c2f3d70e992&bb=ucLVvjxyiRrSLrfImJiuN0-w3fP6luY_spCGmHs4YmH4F4dvKUnJ6Al67IZ1kSGa-4F_QkWKcWXFELHChoqsgaE8lMsAGgggFB96A4zUAJWaenCecYJJqU_OHnWLdq8d&xkcb=SoAN67M31D2BJb3Vrx0CbzkdCdPP&fccid=0b9cf82749ecf6ec&vjs=3
Python Developer - Bilingual Spanish,N/A,N/A,https://www.indeed.com/rc/clk?jk=825104251ee492f1&bb=ucLVvjxyiRrSLrfImJiuNyq2vLY7fSQ0kJGrT7AErqRX7rN2s30avS4wH7D7HRhySxZmxLjLRw8CA39v2lIE681IESek0cubn6j_z-OGIDaavl2Dj-O6Y5CWM2GCecq7&xkcb=SoCQ67M31D2BJb3Vrx0BbzkdCdPP&fccid=2ecf4575019bf07a&vjs=3
Python Developer with AI/ML,N/A,N/A,https://www.indeed.com/rc/clk?jk=e5c24bb5fed3e376&bb=ucLVvjxyiRrSLrfImJiuN1jwWvlNSwV_lD5nVRdZNfo96eV-u05JQgi2pBGKiaq55IM82bPN5IUrQ2_ZKIXL3GElX7U1ZHwisQ12zPlvNfbI0abMf2CgbOuht_Ab4mSr&xkcb=SoAk67M31D2BJb3Vrx0AbzkdCdPP&fccid=14fd5b5672854a54&vjs=3
FULL REMOTE - Back-end Engineer - Python Developer,N/A,N/A,https://www.indeed.com/rc/clk?jk=51db00615d532dd5&bb=ucLVvjxyiRrSLrfImJiuN9jXehMfiUjySLPKYiZoWm7cQnYPtFxEsOXESyMG69nsxUS_f9s6CvvlM7Ax3EnxQkCALmacK6WdpiY9XXpP_ageEYkm_J-urpYaiyYHxDGC&xkcb=SoCq67M31D2BJb3Vrx0HbzkdCdPP&fccid=2387b81d7e28294f&vjs=3
Python/React Web Developer / Information Technologist I,N/A,N/A,https://www.indeed.com/rc/clk?jk=5297817f25aa1ba6&bb=ucLVvjxyiRrSLrfImJiuNx887Y2Kl-xQ-xmyeTB9fGUrJ1euARrTJCLjZRM2NZgKo_KsskUQHCiS7OBowap15vspVpwZWzpnf_8Vz9zV6ejACOpFQd7q0j_7DS7AJ41g&xkcb=SoAe67M31D2BJb3Vrx0GbzkdCdPP&fccid=f3a7ad4cc82dc87d&vjs=3
Python Developer,N/A,N/A,https://www.indeed.com/rc/clk?jk=932a091051dd95b0&bb=ucLVvjxyiRrSLrfImJiuN0IhgMI5uu-puQB9BqzWaE0RPDtuk--6EVYMy_vy5FTvi9V_RybYpljqS4Up66BfR3gnwIUJ1lDd8M2MpxMOPv0uELvdkQ2GYuMNZ4KtJ93M&xkcb=SoCD67M31D2BJb3Vrx0FbzkdCdPP&fccid=f4b196c987ebf8cd&vjs=3
